DiscoverService,1,1566
DiscoverService,2,1334
DiscoverService,3,1034
DiscoverService,4,423
DiscoverService,5,414
DiscoverService,6,1147
DiscoverService,7,673
DiscoverService,8,1187
DiscoverService,9,1495
DiscoverService,10,1951
DiscoverService,11,459
DiscoverService,12,584
DiscoverService,13,441
DiscoverService,14,372
DiscoverService,15,1544
DiscoverService,16,438
DiscoverService,17,428
DiscoverService,18,456
DiscoverService,19,438
DiscoverService,20,482
DiscoverService,21,474
DiscoverService,22,1010
DiscoverService,23,465
DiscoverService,24,330
DiscoverService,25,476
DiscoverService,26,726
DiscoverService,27,828
DiscoverService,28,348
DiscoverService,29,607
DiscoverService,30,589
DiscoverService,31,571
DiscoverService,32,1618
DiscoverService,33,381
DiscoverService,34,476
DiscoverService,35,396
DiscoverService,36,1416
DiscoverService,37,1194
DiscoverService,38,836
DiscoverService,39,927
DiscoverService,40,1002
DiscoverService,41,2640
DiscoverService,42,1051
DiscoverService,43,2129
DiscoverService,44,1040
DiscoverService,45,811
DiscoverService,46,1190
DiscoverService,47,443
DiscoverService,48,620
DiscoverService,49,552
DiscoverService,50,617
DiscoverService,51,441
DiscoverService,52,17519
DiscoverService,53,424
DiscoverService,54,628
DiscoverService,55,1
DiscoverService,56,1295
DiscoverService,57,855
DiscoverService,58,937
DiscoverService,59,1427
DiscoverService,60,372
DiscoverService,61,1555
DiscoverService,62,1
DiscoverService,63,572
DiscoverService,64,378
DiscoverService,65,904
DiscoverService,66,505
DiscoverService,67,600
DiscoverService,68,443
DiscoverService,69,1083
DiscoverService,70,328
DiscoverService,71,1456
DiscoverService,72,418
DiscoverService,73,507
DiscoverService,74,564
DiscoverService,75,494
DiscoverService,76,859
DiscoverService,77,407
DiscoverService,78,563
DiscoverService,79,1305
DiscoverService,80,835
DiscoverService,81,1206
DiscoverService,82,1523
DiscoverService,83,1608
DiscoverService,84,367
DiscoverService,85,2
DiscoverService,86,453
DiscoverService,87,1044
DiscoverService,88,497
DiscoverService,89,526
DiscoverService,90,330
DiscoverService,91,1038
DiscoverService,92,439
DiscoverService,93,676
DiscoverService,94,411
DiscoverService,95,381
DiscoverService,96,1442
DiscoverService,97,442
DiscoverService,98,610
DiscoverService,99,1068
DiscoverService,100,915
DiscoverService,101,1775
DiscoverService,102,446
DiscoverService,103,2488
DiscoverService,104,638
DiscoverService,105,408
DiscoverService,106,504
DiscoverService,107,480
DiscoverService,108,3199
DiscoverService,109,3823
DiscoverService,110,564
DiscoverService,111,528
DiscoverService,112,486
DiscoverService,113,466
DiscoverService,114,482
DiscoverService,115,603
DiscoverService,116,466
DiscoverService,117,584
DiscoverService,118,486
DiscoverService,119,1114
DiscoverService,120,467
DiscoverService,121,1260
DiscoverService,122,751
DiscoverService,123,1022
DiscoverService,124,954
DiscoverService,125,427
DiscoverService,126,553
DiscoverService,127,738
DiscoverService,128,602
DiscoverService,129,1071
DiscoverService,130,440
DiscoverService,131,501
DiscoverService,132,596
DiscoverService,133,616
DiscoverService,134,495
DiscoverService,135,1439
DiscoverService,136,1971
DiscoverService,137,1060
DiscoverService,138,473
DiscoverService,139,584
DiscoverService,140,431
DiscoverService,141,478
DiscoverService,142,553
DiscoverService,143,484
DiscoverService,144,442
DiscoverService,145,880
DiscoverService,146,1490
DiscoverService,147,569
DiscoverService,148,1025
DiscoverService,149,551
DiscoverService,150,577
DiscoverService,151,407
DiscoverService,152,1424
DiscoverService,153,559
DiscoverService,154,1094
DiscoverService,155,380
DiscoverService,156,824
DiscoverService,157,885
DiscoverService,158,2184
DiscoverService,159,1726
DiscoverService,160,1102
DiscoverService,161,593
DiscoverService,162,512
DiscoverService,163,449
DiscoverService,164,1000
DiscoverService,165,857
DiscoverService,166,957
DiscoverService,167,1105
DiscoverService,168,621
DiscoverService,169,575
DiscoverService,170,511
DiscoverService,171,520
DiscoverService,172,2788
DiscoverService,173,514
DiscoverService,174,587
DiscoverService,175,864
DiscoverService,176,687
DiscoverService,177,593
DiscoverService,178,968
DiscoverService,179,542
DiscoverService,180,528
DiscoverService,181,624
DiscoverService,182,2101
DiscoverService,183,586
DiscoverService,184,412
DiscoverService,185,413
DiscoverService,186,3117
DiscoverService,187,1076
DiscoverService,188,1253
DiscoverService,189,931
DiscoverService,190,821
DiscoverService,191,540
DiscoverService,192,376
DiscoverService,193,1423
DiscoverService,194,1505
DiscoverService,195,967
DiscoverService,196,2063
DiscoverService,197,717
DiscoverService,198,477
DiscoverService,199,641
DiscoverService,200,620
DiscoverService,201,673
DiscoverService,202,479
DiscoverService,203,1573
DiscoverService,204,1726
DiscoverService,205,1915
DiscoverService,206,577
DiscoverService,207,2380
DiscoverService,208,1620
DiscoverService,209,385
DiscoverService,210,419
DiscoverService,211,433
DiscoverService,212,1051
DiscoverService,213,444
DiscoverService,214,574
DiscoverService,215,866
DiscoverService,216,867
DiscoverService,217,462
DiscoverService,218,607
DiscoverService,219,1035
DiscoverService,220,533
DiscoverService,221,458
DiscoverService,222,1
DiscoverService,223,486
DiscoverService,224,36784
DiscoverService,225,639
DiscoverService,226,504
DiscoverService,227,756
DiscoverService,228,800
DiscoverService,229,574
DiscoverService,230,600
DiscoverService,231,451
DiscoverService,232,441
DiscoverService,233,635
DiscoverService,234,414
DiscoverService,235,916
DiscoverService,236,1290
DiscoverService,237,420
DiscoverService,238,864
DiscoverService,239,420
DiscoverService,240,1122
DiscoverService,241,910
DiscoverService,242,6235
DiscoverService,243,1033
DiscoverService,244,466
DiscoverService,245,612
DiscoverService,246,996
DiscoverService,247,2480
DiscoverService,248,651
DiscoverService,249,494
DiscoverService,250,497
DiscoverService,251,649
DiscoverService,252,660
DiscoverService,253,1256
DiscoverService,254,652
DiscoverService,255,650
DiscoverService,256,490
DiscoverService,257,936
DiscoverService,258,472
DiscoverService,259,2481
DiscoverService,260,674
DiscoverService,261,460
DiscoverService,262,603
DiscoverService,263,2525
DiscoverService,264,616
DiscoverService,265,654
DiscoverService,266,447
DiscoverService,267,381
DiscoverService,268,475
DiscoverService,269,404
DiscoverService,270,811
DiscoverService,271,601
DiscoverService,272,440
DiscoverService,273,395
DiscoverService,274,1276
DiscoverService,275,1752
DiscoverService,276,390
DiscoverService,277,425
DiscoverService,278,462
DiscoverService,279,892
DiscoverService,280,569
DiscoverService,281,379
DiscoverService,282,868
DiscoverService,283,496
DiscoverService,284,637
DiscoverService,285,623
DiscoverService,286,564
DiscoverService,287,773
DiscoverService,288,304
DiscoverService,289,752
DiscoverService,290,2571
DiscoverService,291,387
DiscoverService,292,839
DiscoverService,293,1084
DiscoverService,294,1352
DiscoverService,295,369
DiscoverService,296,884
DiscoverService,297,707
DiscoverService,298,426
DiscoverService,299,328
DiscoverService,300,2082
DiscoverService,301,2208
DiscoverService,302,1580
DiscoverService,303,3636
DiscoverService,304,1260
DiscoverService,305,1397
DiscoverService,306,1742
DiscoverService,307,2651
DiscoverService,308,445
DiscoverService,309,1007
DiscoverService,310,1784
DiscoverService,311,2576
DiscoverService,312,1013
DiscoverService,313,1000
DiscoverService,314,1891
DiscoverService,315,11
DiscoverService,316,37778
DiscoverService,317,1368
DiscoverService,318,407
DiscoverService,319,818
DiscoverService,320,2115
DiscoverService,321,419
DiscoverService,322,1028
DiscoverService,323,1259
DiscoverService,324,578
DiscoverService,325,1041
DiscoverService,326,840
DiscoverService,327,843
DiscoverService,328,1743
DiscoverService,329,1522
DiscoverService,330,1435
DiscoverService,331,500
DiscoverService,332,2276
DiscoverService,333,2001
DiscoverService,334,1148
DiscoverService,335,1786
DiscoverService,336,540
DiscoverService,337,1655
DiscoverService,338,1169
DiscoverService,339,518
DiscoverService,340,537
DiscoverService,341,879
DiscoverService,342,832
DiscoverService,343,1982
DiscoverService,344,2532
DiscoverService,345,1052
DiscoverService,346,2256
DiscoverService,347,584
DiscoverService,348,453
DiscoverService,349,559
DiscoverService,350,989
DiscoverService,351,1536
DiscoverService,352,538
DiscoverService,353,3145
DiscoverService,354,521
DiscoverService,355,1119
DiscoverService,356,912
DiscoverService,357,934
DiscoverService,358,1815
DiscoverService,359,562
DiscoverService,360,552
DiscoverService,361,1087
DiscoverService,362,1142
DiscoverService,363,1790
DiscoverService,364,2726
DiscoverService,365,989
DiscoverService,366,1013
DiscoverService,367,3555
DiscoverService,368,757
DiscoverService,369,1076
DiscoverService,370,865
DiscoverService,371,573
DiscoverService,372,1414
DiscoverService,373,435
DiscoverService,374,843
DiscoverService,375,2758
DiscoverService,376,643
DiscoverService,377,487
DiscoverService,378,1562
DiscoverService,379,1278
DiscoverService,380,1024
DiscoverService,381,386
DiscoverService,382,539
DiscoverService,383,847
DiscoverService,384,2476
DiscoverService,385,753
DiscoverService,386,4110
DiscoverService,387,537
DiscoverService,388,1021
DiscoverService,389,2008
DiscoverService,390,1874
DiscoverService,391,946
DiscoverService,392,1954
DiscoverService,393,982
DiscoverService,394,1283
DiscoverService,395,1074
DiscoverService,396,1031
DiscoverService,397,808
DiscoverService,398,535
DiscoverService,399,428
DiscoverService,400,1848
DiscoverService,401,491
DiscoverService,402,2129
DiscoverService,403,546
DiscoverService,404,1968
DiscoverService,405,510
DiscoverService,406,1556
DiscoverService,407,1155
DiscoverService,408,662
DiscoverService,409,2141
DiscoverService,410,501
DiscoverService,411,961
DiscoverService,412,519
DiscoverService,413,573
DiscoverService,414,656
DiscoverService,415,1279
DiscoverService,416,626
DiscoverService,417,1245
DiscoverService,418,682
DiscoverService,419,584
DiscoverService,420,1654
DiscoverService,421,664
DiscoverService,422,910
DiscoverService,423,1361
DiscoverService,424,494
DiscoverService,425,1085
DiscoverService,426,5687
DiscoverService,427,1109
DiscoverService,428,3548
DiscoverService,429,531
DiscoverService,430,536
DiscoverService,431,488
DiscoverService,432,944
DiscoverService,433,2686
DiscoverService,434,730
DiscoverService,435,2034
DiscoverService,436,501
DiscoverService,437,1899
DiscoverService,438,479
DiscoverService,439,549
DiscoverService,440,1135
DiscoverService,441,1116
DiscoverService,442,2516
DiscoverService,443,1538
DiscoverService,444,1109
DiscoverService,445,859
DiscoverService,446,1553
DiscoverService,447,916
DiscoverService,448,1045
DiscoverService,449,550
DiscoverService,450,514
DiscoverService,451,1046
DiscoverService,452,1951
DiscoverService,453,547
DiscoverService,454,1032
DiscoverService,455,3389
DiscoverService,456,553
DiscoverService,457,1296
DiscoverService,458,886
DiscoverService,459,1208
DiscoverService,460,688
DiscoverService,461,1757
DiscoverService,462,401
DiscoverService,463,1058
DiscoverService,464,515
DiscoverService,465,1084
DiscoverService,466,859
DiscoverService,467,1262
DiscoverService,468,2402
DiscoverService,469,1846
DiscoverService,470,862
DiscoverService,471,1506
DiscoverService,472,968
DiscoverService,473,588
DiscoverService,474,1067
DiscoverService,475,1873
DiscoverService,476,1099
DiscoverService,477,821
DiscoverService,478,1626
DiscoverService,479,1041
DiscoverService,480,1155
DiscoverService,481,1003
DiscoverService,482,1177
DiscoverService,483,914
DiscoverService,484,2017
DiscoverService,485,504
DiscoverService,486,2439
DiscoverService,487,533
DiscoverService,488,1305
DiscoverService,489,1092
DiscoverService,490,718
DiscoverService,491,952
DiscoverService,492,1209
DiscoverService,493,2392
DiscoverService,494,1642
DiscoverService,495,1370
DiscoverService,496,1699
DiscoverService,497,1036
DiscoverService,498,1511
DiscoverService,499,1575
DiscoverService,500,780
DiscoverService,501,407
DiscoverService,502,532
DiscoverService,503,432
DiscoverService,504,471
DiscoverService,505,1121
DiscoverService,506,514
DiscoverService,507,1385
DiscoverService,508,952
DiscoverService,509,994
DiscoverService,510,655
DiscoverService,511,388
DiscoverService,512,518
DiscoverService,513,1841
DiscoverService,514,1659
DiscoverService,515,1458
DiscoverService,516,850
DiscoverService,517,817
DiscoverService,518,1409
DiscoverService,519,2854
DiscoverService,520,2352
DiscoverService,521,928
DiscoverService,522,407
DiscoverService,523,873
DiscoverService,524,1052
DiscoverService,525,1235
DiscoverService,526,1898
DiscoverService,527,1397
DiscoverService,528,1283
DiscoverService,529,471
DiscoverService,530,5782
DiscoverService,531,722
DiscoverService,532,1227
DiscoverService,533,752
DiscoverService,534,1547
DiscoverService,535,2204
DiscoverService,536,528
DiscoverService,537,1205
DiscoverService,538,2410
DiscoverService,539,1293
DiscoverService,540,1504
DiscoverService,541,894
DiscoverService,542,1122
DiscoverService,543,1241
DiscoverService,544,754
DiscoverService,545,568
DiscoverService,546,1131
DiscoverService,547,1521
DiscoverService,548,606
DiscoverService,549,978
DiscoverService,550,2993
DiscoverService,551,590
DiscoverService,552,1162
DiscoverService,553,947
DiscoverService,554,1281
DiscoverService,555,676
DiscoverService,556,557
DiscoverService,557,1218
DiscoverService,558,734
DiscoverService,559,2149
DiscoverService,560,737
DiscoverService,561,532
DiscoverService,562,3915
DiscoverService,563,1667
DiscoverService,564,608
DiscoverService,565,2778
DiscoverService,566,1136
DiscoverService,567,729
DiscoverService,568,578
DiscoverService,569,2510
DiscoverService,570,732
DiscoverService,571,535
DiscoverService,572,1743
DiscoverService,573,472
DiscoverService,574,1828
DiscoverService,575,648
DiscoverService,576,727
DiscoverService,577,577
DiscoverService,578,1354
DiscoverService,579,517
DiscoverService,580,1069
DiscoverService,581,5706
DiscoverService,582,556
DiscoverService,583,2405
DiscoverService,584,550
DiscoverService,585,933
DiscoverService,586,985
DiscoverService,587,1284
DiscoverService,588,585
DiscoverService,589,2975
DiscoverService,590,656
DiscoverService,591,654
DiscoverService,592,676
DiscoverService,593,636
DiscoverService,594,2997
DiscoverService,595,648
DiscoverService,596,746
DiscoverService,597,908
DiscoverService,598,2712
DiscoverService,599,1878
DiscoverService,600,2259
DiscoverService,601,744
DiscoverService,602,1218
DiscoverService,603,1977
DiscoverService,604,1045
DiscoverService,605,1897
DiscoverService,606,488
DiscoverService,607,947
DiscoverService,608,1980
DiscoverService,609,614
DiscoverService,610,1366
DiscoverService,611,548
DiscoverService,612,502
DiscoverService,613,3523
DiscoverService,614,2801
DiscoverService,615,1509
DiscoverService,616,604
DiscoverService,617,1248
DiscoverService,618,746
DiscoverService,619,644
DiscoverService,620,508
DiscoverService,621,1428
DiscoverService,622,543
DiscoverService,623,584
DiscoverService,624,958
DiscoverService,625,1024
DiscoverService,626,1555
DiscoverService,627,1889
DiscoverService,628,1599
DiscoverService,629,951
DiscoverService,630,1180
DiscoverService,631,550
DiscoverService,632,4561
DiscoverService,633,855
DiscoverService,634,2620
DiscoverService,635,2605
DiscoverService,636,855
DiscoverService,637,1615
DiscoverService,638,743
DiscoverService,639,526
DiscoverService,640,2368
DiscoverService,641,605
DiscoverService,642,2108
DiscoverService,643,886
DiscoverService,644,1778
DiscoverService,645,581
DiscoverService,646,1075
DiscoverService,647,1150
DiscoverService,648,1196
DiscoverService,649,549
DiscoverService,650,578
DiscoverService,651,548
DiscoverService,652,987
DiscoverService,653,982
DiscoverService,654,1655
DiscoverService,655,574
DiscoverService,656,1188
DiscoverService,657,628
DiscoverService,658,611
DiscoverService,659,1085
DiscoverService,660,2638
DiscoverService,661,2667
DiscoverService,662,607
DiscoverService,663,1854
DiscoverService,664,605
DiscoverService,665,1388
DiscoverService,666,1133
DiscoverService,667,1843
DiscoverService,668,586
DiscoverService,669,492
DiscoverService,670,9
DiscoverService,671,1874
DiscoverService,672,2453
DiscoverService,673,711
DiscoverService,674,539
DiscoverService,675,509
DiscoverService,676,1102
DiscoverService,677,1222
DiscoverService,678,700
DiscoverService,679,473
DiscoverService,680,1051
DiscoverService,681,1249
DiscoverService,682,705
DiscoverService,683,579
DiscoverService,684,1217
DiscoverService,685,594
DiscoverService,686,545
DiscoverService,687,1
DiscoverService,688,1868
DiscoverService,689,1794
DiscoverService,690,722
DiscoverService,691,1780
DiscoverService,692,1743
DiscoverService,693,1682
DiscoverService,694,1578
DiscoverService,695,612
DiscoverService,696,2146
DiscoverService,697,3806
DiscoverService,698,600
DiscoverService,699,1258
DiscoverService,700,636
DiscoverService,701,665
DiscoverService,702,931
DiscoverService,703,1591
DiscoverService,704,617
DiscoverService,705,602
DiscoverService,706,598
DiscoverService,707,551
DiscoverService,708,1550
DiscoverService,709,479
DiscoverService,710,975
DiscoverService,711,1014
DiscoverService,712,1
DiscoverService,713,1253
DiscoverService,714,603
DiscoverService,715,2675
DiscoverService,716,703
DiscoverService,717,600
DiscoverService,718,1831
DiscoverService,719,903
DiscoverService,720,1276
DiscoverService,721,537
DiscoverService,722,2265
DiscoverService,723,463
DiscoverService,724,4478
DiscoverService,725,2497
DiscoverService,726,528
DiscoverService,727,1128
DiscoverService,728,560
DiscoverService,729,1027
DiscoverService,730,1375
DiscoverService,731,984
DiscoverService,732,17
DiscoverService,733,1770
DiscoverService,734,1006
DiscoverService,735,869
DiscoverService,736,1367
DiscoverService,737,2070
DiscoverService,738,698
DiscoverService,739,623
DiscoverService,740,663
DiscoverService,741,1900
DiscoverService,742,1354
DiscoverService,743,1221
DiscoverService,744,2685
DiscoverService,745,1115
DiscoverService,746,1227
DiscoverService,747,538
DiscoverService,748,1346
DiscoverService,749,2379
DiscoverService,750,621
DiscoverService,751,1408
DiscoverService,752,1278
DiscoverService,753,742
DiscoverService,754,578
DiscoverService,755,3667
DiscoverService,756,679
DiscoverService,757,722
DiscoverService,758,691
DiscoverService,759,1759
DiscoverService,760,571
DiscoverService,761,1873
DiscoverService,762,1
DiscoverService,763,1639
DiscoverService,764,612
DiscoverService,765,1355
DiscoverService,766,1198
DiscoverService,767,596
DiscoverService,768,933
DiscoverService,769,0
DiscoverService,770,3168
DiscoverService,771,1569
DiscoverService,772,1059
DiscoverService,773,13
DiscoverService,774,688
DiscoverService,775,496
DiscoverService,776,2127
DiscoverService,777,2818
DiscoverService,778,527
DiscoverService,779,936
DiscoverService,780,870
DiscoverService,781,692
DiscoverService,782,572
DiscoverService,783,3517
DiscoverService,784,13
DiscoverService,785,425
DiscoverService,786,529
DiscoverService,787,5221
DiscoverService,788,499
DiscoverService,789,1079
DiscoverService,790,528
DiscoverService,791,561
DiscoverService,792,480
DiscoverService,793,514
DiscoverService,794,497
DiscoverService,795,497
DiscoverService,796,2431
DiscoverService,797,3062
DiscoverService,798,2050
DiscoverService,799,642
DiscoverService,800,1874
DiscoverService,801,1983
DiscoverService,802,3510
DiscoverService,803,2203
DiscoverService,804,2193
DiscoverService,805,584
DiscoverService,806,4069
DiscoverService,807,1404
DiscoverService,808,1075
DiscoverService,809,726
DiscoverService,810,576
DiscoverService,811,1572
DiscoverService,812,1262
DiscoverService,813,688
DiscoverService,814,754
DiscoverService,815,547
DiscoverService,816,519
DiscoverService,817,3383
DiscoverService,818,2040
DiscoverService,819,1825
DiscoverService,820,719
DiscoverService,821,743
DiscoverService,822,1
DiscoverService,823,655
DiscoverService,824,2449
DiscoverService,825,1034
DiscoverService,826,448
DiscoverService,827,871
DiscoverService,828,1406
DiscoverService,829,2615
DiscoverService,830,578
DiscoverService,831,1337
DiscoverService,832,1882
DiscoverService,833,1005
DiscoverService,834,2355
DiscoverService,835,556
DiscoverService,836,1302
DiscoverService,837,1070
DiscoverService,838,1954
DiscoverService,839,612
DiscoverService,840,528
DiscoverService,841,1
DiscoverService,842,1482
DiscoverService,843,931
DiscoverService,844,2772
DiscoverService,845,1094
DiscoverService,846,3645
DiscoverService,847,3359
DiscoverService,848,599
DiscoverService,849,1339
DiscoverService,850,1617
DiscoverService,851,699
DiscoverService,852,3351
DiscoverService,853,1386
DiscoverService,854,569
DiscoverService,855,929
DiscoverService,856,1074
DiscoverService,857,655
DiscoverService,858,508
DiscoverService,859,2106
DiscoverService,860,1277
DiscoverService,861,588
DiscoverService,862,522
DiscoverService,863,1907
DiscoverService,864,1160
DiscoverService,865,1065
DiscoverService,866,622
DiscoverService,867,1956
DiscoverService,868,574
DiscoverService,869,1096
DiscoverService,870,1922
DiscoverService,871,731
DiscoverService,872,700
DiscoverService,873,690
DiscoverService,874,1037
DiscoverService,875,2275
DiscoverService,876,3172
DiscoverService,877,810
DiscoverService,878,1419
DiscoverService,879,2978
DiscoverService,880,882
DiscoverService,881,1662
DiscoverService,882,2730
DiscoverService,883,849
DiscoverService,884,1427
DiscoverService,885,1416
DiscoverService,886,854
DiscoverService,887,1501
DiscoverService,888,553
DiscoverService,889,516
DiscoverService,890,1586
DiscoverService,891,3836
DiscoverService,892,3969
DiscoverService,893,562
DiscoverService,894,1034
DiscoverService,895,570
DiscoverService,896,533
DiscoverService,897,2092
DiscoverService,898,4432
DiscoverService,899,606
DiscoverService,900,554
DiscoverService,901,924
DiscoverService,902,1759
DiscoverService,903,1277
DiscoverService,904,1779
DiscoverService,905,1370
DiscoverService,906,2320
DiscoverService,907,3479
DiscoverService,908,597
DiscoverService,909,1986
DiscoverService,910,2672
DiscoverService,911,1282
DiscoverService,912,1969
DiscoverService,913,2297
DiscoverService,914,1598
DiscoverService,915,806
DiscoverService,916,1146
DiscoverService,917,615
DiscoverService,918,1011
DiscoverService,919,972
DiscoverService,920,1037
DiscoverService,921,670
DiscoverService,922,2531
DiscoverService,923,684
DiscoverService,924,4700
DiscoverService,925,12
DiscoverService,926,664
DiscoverService,927,625
DiscoverService,928,542
DiscoverService,929,1335
DiscoverService,930,2097
DiscoverService,931,584
DiscoverService,932,574
DiscoverService,933,432
DiscoverService,934,493
DiscoverService,935,539
DiscoverService,936,524
DiscoverService,937,3691
DiscoverService,938,2129
DiscoverService,939,1337
DiscoverService,940,484
DiscoverService,941,963
DiscoverService,942,1073
DiscoverService,943,702
DiscoverService,944,1596
DiscoverService,945,599
DiscoverService,946,1629
DiscoverService,947,693
DiscoverService,948,734
DiscoverService,949,947
DiscoverService,950,1052
DiscoverService,951,1466
DiscoverService,952,1262
DiscoverService,953,983
DiscoverService,954,1889
DiscoverService,955,11
DiscoverService,956,398
DiscoverService,957,467
DiscoverService,958,1355
DiscoverService,959,692
DiscoverService,960,1128
DiscoverService,961,456
DiscoverService,962,776
DiscoverService,963,1013
DiscoverService,964,1888
DiscoverService,965,2725
DiscoverService,966,10
DiscoverService,967,533
DiscoverService,968,558
DiscoverService,969,538
DiscoverService,970,966
DiscoverService,971,4658
DiscoverService,972,973
DiscoverService,973,3677
DiscoverService,974,1062
DiscoverService,975,943
DiscoverService,976,4050
DiscoverService,977,635
DiscoverService,978,512
DiscoverService,979,945
DiscoverService,980,1028
DiscoverService,981,2192
DiscoverService,982,1850
DiscoverService,983,1222
DiscoverService,984,1461
DiscoverService,985,555
DiscoverService,986,579
DiscoverService,987,1028
DiscoverService,988,3856
DiscoverService,989,4464
DiscoverService,990,508
DiscoverService,991,1112
DiscoverService,992,882
DiscoverService,993,3252
DiscoverService,994,2974
DiscoverService,995,1428
DiscoverService,996,586
DiscoverService,997,634
DiscoverService,998,787
DiscoverService,999,2358
DiscoverService,1000,1392